<PAMDataset>
  <PAMRasterBand band="1">
    <Metadata>
      <MDI key="STATISTICS_MAXIMUM">0.79874885082245</MDI>
      <MDI key="STATISTICS_MEAN">0.073491636549905</MDI>
      <MDI key="STATISTICS_MINIMUM">0</MDI>
      <MDI key="STATISTICS_STDDEV">0.16431136881617</MDI>
      <MDI key="STATISTICS_VALID_PERCENT">100</MDI>
    </Metadata>
  </PAMRasterBand>
  <PAMRasterBand band="2">
    <Metadata>
      <MDI key="STATISTICS_MAXIMUM">1</MDI>
      <MDI key="STATISTICS_MEAN">0.12355506744269</MDI>
      <MDI key="STATISTICS_MINIMUM">0</MDI>
      <MDI key="STATISTICS_STDDEV">0.2656204448421</MDI>
    </Metadata>
  </PAMRasterBand>
  <PAMRasterBand band="3">
    <Metadata>
      <MDI key="STATISTICS_MAXIMUM">0.96022689342499</MDI>
      <MDI key="STATISTICS_MEAN">0.1134629903277</MDI>
      <MDI key="STATISTICS_MINIMUM">0</MDI>
      <MDI key="STATISTICS_STDDEV">0.24722197577841</MDI>
    </Metadata>
  </PAMRasterBand>
  <PAMRasterBand band="4">
    <Metadata>
      <MDI key="STATISTICS_MAXIMUM">0.75176596641541</MDI>
      <MDI key="STATISTICS_MEAN">0.039911687816309</MDI>
      <MDI key="STATISTICS_MINIMUM">0</MDI>
      <MDI key="STATISTICS_STDDEV">0.10648026796239</MDI>
    </Metadata>
  </PAMRasterBand>
  <PAMRasterBand band="5">
    <Metadata>
      <MDI key="STATISTICS_MAXIMUM">0.85208386182785</MDI>
      <MDI key="STATISTICS_MEAN">0.051808003041166</MDI>
      <MDI key="STATISTICS_MINIMUM">0</MDI>
      <MDI key="STATISTICS_STDDEV">0.1503369928594</MDI>
    </Metadata>
  </PAMRasterBand>
  <PAMRasterBand band="6">
    <Metadata>
      <MDI key="STATISTICS_MAXIMUM">1</MDI>
      <MDI key="STATISTICS_MEAN">0.06223489395709</MDI>
      <MDI key="STATISTICS_MINIMUM">0</MDI>
      <MDI key="STATISTICS_STDDEV">0.18211397237618</MDI>
    </Metadata>
  </PAMRasterBand>
  <PAMRasterBand band="7">
    <Metadata>
      <MDI key="STATISTICS_MAXIMUM">1</MDI>
      <MDI key="STATISTICS_MEAN">0.054782056533716</MDI>
      <MDI key="STATISTICS_MINIMUM">0</MDI>
      <MDI key="STATISTICS_STDDEV">0.18030338538473</MDI>
    </Metadata>
  </PAMRasterBand>
  <PAMRasterBand band="8">
    <Metadata>
      <MDI key="STATISTICS_MAXIMUM">1</MDI>
      <MDI key="STATISTICS_MEAN">0.049706212723256</MDI>
      <MDI key="STATISTICS_MINIMUM">0</MDI>
      <MDI key="STATISTICS_STDDEV">0.17086484891786</MDI>
    </Metadata>
  </PAMRasterBand>
  <PAMRasterBand band="9">
    <Metadata>
      <MDI key="STATISTICS_MAXIMUM">0.94598531723022</MDI>
      <MDI key="STATISTICS_MEAN">0.049380912691551</MDI>
      <MDI key="STATISTICS_MINIMUM">0</MDI>
      <MDI key="STATISTICS_STDDEV">0.16679261076261</MDI>
    </Metadata>
  </PAMRasterBand>
  <PAMRasterBand band="10">
    <Metadata>
      <MDI key="STATISTICS_MAXIMUM">0.7932476401329</MDI>
      <MDI key="STATISTICS_MEAN">0.040827171713881</MDI>
      <MDI key="STATISTICS_MINIMUM">0</MDI>
      <MDI key="STATISTICS_STDDEV">0.13356070956851</MDI>
    </Metadata>
  </PAMRasterBand>
  <PAMRasterBand band="11">
    <Metadata>
      <MDI key="STATISTICS_MAXIMUM">0.98494243621826</MDI>
      <MDI key="STATISTICS_MEAN">0.057787834633032</MDI>
      <MDI key="STATISTICS_MINIMUM">0</MDI>
      <MDI key="STATISTICS_STDDEV">0.17482256358346</MDI>
    </Metadata>
  </PAMRasterBand>
  <PAMRasterBand band="12">
    <Metadata>
      <MDI key="STATISTICS_MAXIMUM">0.99852484464645</MDI>
      <MDI key="STATISTICS_MEAN">0.060429561603709</MDI>
      <MDI key="STATISTICS_MINIMUM">0</MDI>
      <MDI key="STATISTICS_STDDEV">0.18845564130837</MDI>
    </Metadata>
  </PAMRasterBand>
  <PAMRasterBand band="13">
    <Metadata>
      <MDI key="STATISTICS_MAXIMUM">1</MDI>
      <MDI key="STATISTICS_MEAN">0.065375811569126</MDI>
      <MDI key="STATISTICS_MINIMUM">0</MDI>
      <MDI key="STATISTICS_STDDEV">0.18897155504707</MDI>
    </Metadata>
  </PAMRasterBand>
  <PAMRasterBand band="14">
    <Metadata>
      <MDI key="STATISTICS_MAXIMUM">1</MDI>
      <MDI key="STATISTICS_MEAN">0.071320539001583</MDI>
      <MDI key="STATISTICS_MINIMUM">0</MDI>
      <MDI key="STATISTICS_STDDEV">0.1969027028728</MDI>
    </Metadata>
  </PAMRasterBand>
  <PAMRasterBand band="15">
    <Metadata>
      <MDI key="STATISTICS_MAXIMUM">0.96445769071579</MDI>
      <MDI key="STATISTICS_MEAN">0.069750805444863</MDI>
      <MDI key="STATISTICS_MINIMUM">0</MDI>
      <MDI key="STATISTICS_STDDEV">0.18632519569613</MDI>
    </Metadata>
  </PAMRasterBand>
  <PAMRasterBand band="16">
    <Metadata>
      <MDI key="STATISTICS_MAXIMUM">0.99309533834457</MDI>
      <MDI key="STATISTICS_MEAN">0.073849753998627</MDI>
      <MDI key="STATISTICS_MINIMUM">0</MDI>
      <MDI key="STATISTICS_STDDEV">0.19695313604147</MDI>
    </Metadata>
  </PAMRasterBand>
  <PAMRasterBand band="17">
    <Metadata>
      <MDI key="STATISTICS_MAXIMUM">0.99262058734894</MDI>
      <MDI key="STATISTICS_MEAN">0.073962894184569</MDI>
      <MDI key="STATISTICS_MINIMUM">0</MDI>
      <MDI key="STATISTICS_STDDEV">0.19352563699589</MDI>
    </Metadata>
  </PAMRasterBand>
  <PAMRasterBand band="18">
    <Metadata>
      <MDI key="STATISTICS_MAXIMUM">0.99797123670578</MDI>
      <MDI key="STATISTICS_MEAN">0.078076844195487</MDI>
      <MDI key="STATISTICS_MINIMUM">0</MDI>
      <MDI key="STATISTICS_STDDEV">0.20527481393297</MDI>
    </Metadata>
  </PAMRasterBand>
  <PAMRasterBand band="19">
    <Metadata>
      <MDI key="STATISTICS_MAXIMUM">1</MDI>
      <MDI key="STATISTICS_MEAN">0.080718484499087</MDI>
      <MDI key="STATISTICS_MINIMUM">0</MDI>
      <MDI key="STATISTICS_STDDEV">0.21092666953354</MDI>
    </Metadata>
  </PAMRasterBand>
  <PAMRasterBand band="20">
    <Metadata>
      <MDI key="STATISTICS_MAXIMUM">1</MDI>
      <MDI key="STATISTICS_MEAN">0.081454339428637</MDI>
      <MDI key="STATISTICS_MINIMUM">0</MDI>
      <MDI key="STATISTICS_STDDEV">0.21599527463227</MDI>
    </Metadata>
  </PAMRasterBand>
  <PAMRasterBand band="21">
    <Metadata>
      <MDI key="STATISTICS_MAXIMUM">1</MDI>
      <MDI key="STATISTICS_MEAN">0.081234781184358</MDI>
      <MDI key="STATISTICS_MINIMUM">0</MDI>
      <MDI key="STATISTICS_STDDEV">0.2089081034207</MDI>
    </Metadata>
  </PAMRasterBand>
  <PAMRasterBand band="22">
    <Metadata>
      <MDI key="STATISTICS_MAXIMUM">1</MDI>
      <MDI key="STATISTICS_MEAN">0.082263503995848</MDI>
      <MDI key="STATISTICS_MINIMUM">0</MDI>
      <MDI key="STATISTICS_STDDEV">0.20817106655703</MDI>
    </Metadata>
  </PAMRasterBand>
  <PAMRasterBand band="23">
    <Metadata>
      <MDI key="STATISTICS_MAXIMUM">0.9332629442215</MDI>
      <MDI key="STATISTICS_MEAN">0.073005162429086</MDI>
      <MDI key="STATISTICS_MINIMUM">0</MDI>
      <MDI key="STATISTICS_STDDEV">0.18905703823587</MDI>
    </Metadata>
  </PAMRasterBand>
  <PAMRasterBand band="24">
    <Metadata>
      <MDI key="STATISTICS_MAXIMUM">0.92477351427078</MDI>
      <MDI key="STATISTICS_MEAN">0.073622733043818</MDI>
      <MDI key="STATISTICS_MINIMUM">0</MDI>
      <MDI key="STATISTICS_STDDEV">0.18743765596334</MDI>
    </Metadata>
  </PAMRasterBand>
  <PAMRasterBand band="25">
    <Metadata>
      <MDI key="STATISTICS_MAXIMUM">1</MDI>
      <MDI key="STATISTICS_MEAN">0.084097173308986</MDI>
      <MDI key="STATISTICS_MINIMUM">0</MDI>
      <MDI key="STATISTICS_STDDEV">0.20980726629228</MDI>
    </Metadata>
  </PAMRasterBand>
  <PAMRasterBand band="26">
    <Metadata>
      <MDI key="STATISTICS_MAXIMUM">1</MDI>
      <MDI key="STATISTICS_MEAN">0.10990200844087</MDI>
      <MDI key="STATISTICS_MINIMUM">0</MDI>
      <MDI key="STATISTICS_STDDEV">0.27034417629364</MDI>
    </Metadata>
  </PAMRasterBand>
  <PAMRasterBand band="27">
    <Metadata>
      <MDI key="STATISTICS_MAXIMUM">1</MDI>
      <MDI key="STATISTICS_MEAN">0.097387656212742</MDI>
      <MDI key="STATISTICS_MINIMUM">0</MDI>
      <MDI key="STATISTICS_STDDEV">0.23798577610932</MDI>
    </Metadata>
  </PAMRasterBand>
  <PAMRasterBand band="28">
    <Metadata>
      <MDI key="STATISTICS_MAXIMUM">0.99170631170273</MDI>
      <MDI key="STATISTICS_MEAN">0.076994381238769</MDI>
      <MDI key="STATISTICS_MINIMUM">0</MDI>
      <MDI key="STATISTICS_STDDEV">0.19348279033189</MDI>
    </Metadata>
  </PAMRasterBand>
  <PAMRasterBand band="29">
    <Metadata>
      <MDI key="STATISTICS_MAXIMUM">0.93235129117966</MDI>
      <MDI key="STATISTICS_MEAN">0.076613912114781</MDI>
      <MDI key="STATISTICS_MINIMUM">0</MDI>
      <MDI key="STATISTICS_STDDEV">0.19098118058465</MDI>
    </Metadata>
  </PAMRasterBand>
  <PAMRasterBand band="30">
    <Metadata>
      <MDI key="STATISTICS_MAXIMUM">0.83410054445267</MDI>
      <MDI key="STATISTICS_MEAN">0.066799705311269</MDI>
      <MDI key="STATISTICS_MINIMUM">0</MDI>
      <MDI key="STATISTICS_STDDEV">0.16525616134612</MDI>
    </Metadata>
  </PAMRasterBand>
  <PAMRasterBand band="31">
    <Metadata>
      <MDI key="STATISTICS_MAXIMUM">1</MDI>
      <MDI key="STATISTICS_MEAN">0.098663126642185</MDI>
      <MDI key="STATISTICS_MINIMUM">0</MDI>
      <MDI key="STATISTICS_STDDEV">0.24440364749</MDI>
    </Metadata>
  </PAMRasterBand>
  <PAMRasterBand band="32">
    <Metadata>
      <MDI key="STATISTICS_MAXIMUM">1</MDI>
      <MDI key="STATISTICS_MEAN">0.10667924622277</MDI>
      <MDI key="STATISTICS_MINIMUM">0</MDI>
      <MDI key="STATISTICS_STDDEV">0.256990023241</MDI>
    </Metadata>
  </PAMRasterBand>
  <PAMRasterBand band="33">
    <Metadata>
      <MDI key="STATISTICS_MAXIMUM">0.92842268943787</MDI>
      <MDI key="STATISTICS_MEAN">0.090470823177623</MDI>
      <MDI key="STATISTICS_MINIMUM">0</MDI>
      <MDI key="STATISTICS_STDDEV">0.21643483013472</MDI>
    </Metadata>
  </PAMRasterBand>
  <PAMRasterBand band="34">
    <Metadata>
      <MDI key="STATISTICS_MAXIMUM">1</MDI>
      <MDI key="STATISTICS_MEAN">0.10765451917588</MDI>
      <MDI key="STATISTICS_MINIMUM">0</MDI>
      <MDI key="STATISTICS_STDDEV">0.25248211465269</MDI>
    </Metadata>
  </PAMRasterBand>
  <PAMRasterBand band="35">
    <Metadata>
      <MDI key="STATISTICS_MAXIMUM">1</MDI>
      <MDI key="STATISTICS_MEAN">0.09849840808725</MDI>
      <MDI key="STATISTICS_MINIMUM">0</MDI>
      <MDI key="STATISTICS_STDDEV">0.22846509234264</MDI>
    </Metadata>
  </PAMRasterBand>
  <PAMRasterBand band="36">
    <Metadata>
      <MDI key="STATISTICS_MAXIMUM">1</MDI>
      <MDI key="STATISTICS_MEAN">0.11432179524256</MDI>
      <MDI key="STATISTICS_MINIMUM">0</MDI>
      <MDI key="STATISTICS_STDDEV">0.26545325895004</MDI>
    </Metadata>
  </PAMRasterBand>
  <PAMRasterBand band="37">
    <Metadata>
      <MDI key="STATISTICS_MAXIMUM">1</MDI>
      <MDI key="STATISTICS_MEAN">0.10923061828067</MDI>
      <MDI key="STATISTICS_MINIMUM">0</MDI>
      <MDI key="STATISTICS_STDDEV">0.25350206130776</MDI>
    </Metadata>
  </PAMRasterBand>
</PAMDataset>
