<PAMDataset>
  <PAMRasterBand band="1">
    <Description>vegetation</Description>
    <Metadata>
      <MDI key="LAYER_TYPE">athematic</MDI>
      <MDI key="STATISTICS_EXCLUDEDVALUES"></MDI>
      <MDI key="STATISTICS_HISTOBINVALUES">112917|21|17|20|12|8|14|16|23|12|9|18|16|15|14|7|7|9|12|9|8|11|9|9|3|8|21|8|5|14|6|7|5|8|3|8|8|10|10|8|13|7|4|10|1|8|21|2|15|6|7|4|7|2|5|5|5|1|11|4|5|7|10|9|4|16|7|10|9|5|9|10|5|6|5|8|11|3|9|5|12|6|17|7|4|3|7|10|7|8|7|10|9|7|5|7|5|3|4|7|2|1|10|4|2|11|7|5|2|4|2|5|12|2|6|7|5|6|1|4|9|7|7|5|2|3|4|4|5|2|6|4|2|4|5|2|5|1|1|2|3|7|3|4|6|3|7|3|1|2|5|1|5|3|3|5|0|3|3|5|10|6|4|3|6|4|2|0|0|1|1|4|5|0|2|2|2|3|1|2|1|2|2|1|2|3|1|2|1|3|0|0|0|3|3|0|0|2|0|0|1|0|0|0|0|4|0|1|0|1|0|0|1|0|0|0|0|0|0|0|0|0|1|0|0|0|0|0|0|0|0|0|0|0|0|0|0|0|0|0|0|0|0|0|0|0|0|0|0|0|0|0|0|0|0|1|</MDI>
      <MDI key="STATISTICS_HISTOMAX">0.41132196784019</MDI>
      <MDI key="STATISTICS_HISTOMIN">0</MDI>
      <MDI key="STATISTICS_HISTONUMBINS">256</MDI>
      <MDI key="STATISTICS_MAXIMUM">0.41132196784019</MDI>
      <MDI key="STATISTICS_MEAN">0.0012143430333833</MDI>
      <MDI key="STATISTICS_MEDIAN">0</MDI>
      <MDI key="STATISTICS_MINIMUM">0</MDI>
      <MDI key="STATISTICS_MODE">0</MDI>
      <MDI key="STATISTICS_SKIPFACTORX">1</MDI>
      <MDI key="STATISTICS_SKIPFACTORY">1</MDI>
      <MDI key="STATISTICS_STDDEV">0.014632957394052</MDI>
    </Metadata>
  </PAMRasterBand>
  <PAMRasterBand band="2">
    <Description>wet_soil</Description>
    <Metadata>
      <MDI key="LAYER_TYPE">athematic</MDI>
      <MDI key="STATISTICS_EXCLUDEDVALUES"></MDI>
      <MDI key="STATISTICS_HISTOBINVALUES">94025|28|31|23|25|31|20|26|24|20|22|32|34|29|38|30|42|38|44|40|50|35|59|33|48|49|63|45|54|72|72|77|71|82|87|94|88|116|124|121|136|116|120|147|141|162|145|188|182|183|216|197|226|222|240|247|238|218|310|283|295|307|309|317|262|335|305|310|344|328|338|293|310|322|319|290|303|291|333|317|310|273|309|279|258|283|219|274|203|283|230|209|213|208|207|191|200|166|163|152|154|134|138|128|124|101|119|104|125|111|101|92|92|84|70|58|63|67|55|56|57|54|35|37|38|49|30|42|38|45|37|26|31|26|29|27|27|21|19|19|15|18|9|16|25|30|14|11|18|23|17|12|10|2|15|14|7|14|9|8|5|8|5|9|13|6|8|7|7|15|3|8|8|9|7|10|7|8|9|9|7|11|8|15|3|6|12|7|6|7|5|5|6|8|4|8|5|5|5|3|1|6|2|5|0|1|0|3|5|1|1|2|2|1|1|1|3|1|1|2|4|3|0|0|2|0|3|1|0|0|0|0|0|0|0|0|0|0|1|0|0|5|0|0|0|0|0|1|0|0|0|0|0|0|0|2|</MDI>
      <MDI key="STATISTICS_HISTOMAX">0.85764312744141</MDI>
      <MDI key="STATISTICS_HISTOMIN">0</MDI>
      <MDI key="STATISTICS_HISTONUMBINS">256</MDI>
      <MDI key="STATISTICS_MAXIMUM">0.85764312744141</MDI>
      <MDI key="STATISTICS_MEAN">0.04442894194155</MDI>
      <MDI key="STATISTICS_MEDIAN">0</MDI>
      <MDI key="STATISTICS_MINIMUM">0</MDI>
      <MDI key="STATISTICS_MODE">0</MDI>
      <MDI key="STATISTICS_SKIPFACTORX">1</MDI>
      <MDI key="STATISTICS_SKIPFACTORY">1</MDI>
      <MDI key="STATISTICS_STDDEV">0.10538900783797</MDI>
    </Metadata>
  </PAMRasterBand>
  <PAMRasterBand band="3">
    <Description>dry_soil</Description>
    <Metadata>
      <MDI key="LAYER_TYPE">athematic</MDI>
      <MDI key="STATISTICS_EXCLUDEDVALUES"></MDI>
      <MDI key="STATISTICS_HISTOBINVALUES">101514|142|126|111|108|115|131|80|94|97|83|73|83|68|69|67|79|71|65|65|48|78|45|53|61|39|40|40|30|35|38|53|31|42|23|34|32|35|31|42|46|50|40|32|27|28|36|24|44|31|34|32|31|32|33|31|27|18|38|28|27|20|35|26|19|25|20|22|21|29|17|27|23|26|33|23|36|27|28|31|26|31|28|22|32|22|19|15|18|20|17|27|33|24|27|24|26|17|36|34|15|40|40|23|27|18|20|13|18|41|26|22|20|38|20|23|17|26|27|22|21|23|18|30|26|24|28|33|24|29|40|26|39|34|54|33|34|52|36|51|39|41|69|44|49|58|54|54|59|45|71|77|70|82|72|78|93|65|100|98|94|72|96|99|131|93|102|127|120|124|115|106|118|136|117|110|86|133|117|139|123|90|122|115|123|129|121|122|130|101|121|130|108|111|105|102|86|104|89|101|86|95|117|102|94|84|93|72|83|76|66|62|48|37|43|25|44|27|31|24|7|12|14|12|8|13|6|8|2|11|4|6|1|3|4|2|0|2|2|2|1|0|0|1|2|3|4|0|0|0|0|0|0|0|0|3|</MDI>
      <MDI key="STATISTICS_HISTOMAX">1</MDI>
      <MDI key="STATISTICS_HISTOMIN">0</MDI>
      <MDI key="STATISTICS_HISTONUMBINS">256</MDI>
      <MDI key="STATISTICS_MAXIMUM">1</MDI>
      <MDI key="STATISTICS_MEAN">0.054782056533716</MDI>
      <MDI key="STATISTICS_MEDIAN">0</MDI>
      <MDI key="STATISTICS_MINIMUM">0</MDI>
      <MDI key="STATISTICS_MODE">0</MDI>
      <MDI key="STATISTICS_SKIPFACTORX">1</MDI>
      <MDI key="STATISTICS_SKIPFACTORY">1</MDI>
      <MDI key="STATISTICS_STDDEV">0.18030338538473</MDI>
    </Metadata>
  </PAMRasterBand>
  <PAMRasterBand band="4">
    <Description>water</Description>
    <Metadata>
      <MDI key="LAYER_TYPE">athematic</MDI>
      <MDI key="STATISTICS_EXCLUDEDVALUES"></MDI>
      <MDI key="STATISTICS_HISTOBINVALUES">99296|116|125|128|100|99|115|109|92|66|93|81|66|77|76|85|62|58|81|46|61|49|58|46|44|57|53|30|37|42|31|39|41|37|40|32|37|24|23|29|39|26|43|21|25|21|29|20|20|26|23|13|23|26|16|28|19|22|22|15|25|18|25|15|29|11|24|18|12|15|16|15|17|24|19|19|17|20|17|22|14|24|19|33|22|29|27|25|15|17|23|31|43|36|47|49|58|43|57|57|43|56|62|68|43|73|76|53|62|74|90|57|73|85|89|88|97|70|90|115|82|111|94|99|115|94|96|99|93|84|122|76|101|115|85|103|86|83|108|99|102|102|107|132|77|98|114|98|83|128|111|96|92|116|86|88|95|77|107|83|105|115|100|78|89|92|70|69|82|69|54|63|65|66|82|53|58|76|44|59|61|67|62|59|49|59|57|73|56|54|61|65|54|53|50|61|53|50|49|32|56|46|81|46|44|50|48|42|34|30|43|54|39|33|58|51|44|51|44|37|27|44|42|33|47|47|44|27|33|34|23|31|31|32|21|34|21|25|17|34|24|35|28|17|22|29|21|17|26|31|24|24|29|26|27|847|</MDI>
      <MDI key="STATISTICS_HISTOMAX">1</MDI>
      <MDI key="STATISTICS_HISTOMIN">0</MDI>
      <MDI key="STATISTICS_HISTONUMBINS">256</MDI>
      <MDI key="STATISTICS_MAXIMUM">1</MDI>
      <MDI key="STATISTICS_MEAN">0.0678676373673</MDI>
      <MDI key="STATISTICS_MEDIAN">0</MDI>
      <MDI key="STATISTICS_MINIMUM">0</MDI>
      <MDI key="STATISTICS_MODE">0</MDI>
      <MDI key="STATISTICS_SKIPFACTORX">1</MDI>
      <MDI key="STATISTICS_SKIPFACTORY">1</MDI>
      <MDI key="STATISTICS_STDDEV">0.20278202027448</MDI>
    </Metadata>
  </PAMRasterBand>
  <PAMRasterBand band="5">
    <Description>rms_error</Description>
    <Metadata>
      <MDI key="LAYER_TYPE">athematic</MDI>
      <MDI key="STATISTICS_EXCLUDEDVALUES"></MDI>
      <MDI key="STATISTICS_HISTOBINVALUES">93117|11|12|25|22|44|31|33|53|63|68|54|95|86|97|95|90|97|79|127|126|98|117|116|145|127|105|157|157|152|142|165|154|147|177|142|135|132|153|140|148|127|138|145|141|148|138|118|147|125|136|129|135|140|128|153|157|139|153|132|146|116|123|129|139|157|155|151|152|188|137|127|157|142|148|162|168|147|162|188|160|156|166|164|155|153|180|184|181|145|176|159|151|186|157|143|163|115|163|141|136|132|129|88|141|102|111|143|139|127|143|138|148|118|121|114|122|132|119|116|113|111|134|127|138|119|105|125|131|112|117|120|109|113|115|103|114|103|103|96|88|87|60|94|71|69|79|80|77|76|72|70|76|65|77|69|66|65|82|68|66|61|70|59|74|59|63|44|56|79|74|52|44|60|45|52|65|59|42|52|44|40|43|30|44|33|22|27|33|26|21|21|19|21|7|8|8|11|12|4|1|10|7|8|5|1|3|0|1|4|6|1|4|3|2|2|2|3|0|3|0|1|1|3|3|3|2|2|5|3|2|0|0|0|0|0|0|0|2|3|2|0|1|0|0|0|0|0|0|1|0|0|0|0|0|2|</MDI>
      <MDI key="STATISTICS_HISTOMAX">0.034709665924311</MDI>
      <MDI key="STATISTICS_HISTOMIN">0</MDI>
      <MDI key="STATISTICS_HISTONUMBINS">256</MDI>
      <MDI key="STATISTICS_MAXIMUM">0.034709665924311</MDI>
      <MDI key="STATISTICS_MEAN">0.0021943359321554</MDI>
      <MDI key="STATISTICS_MEDIAN">0</MDI>
      <MDI key="STATISTICS_MINIMUM">0</MDI>
      <MDI key="STATISTICS_MODE">0</MDI>
      <MDI key="STATISTICS_SKIPFACTORX">1</MDI>
      <MDI key="STATISTICS_SKIPFACTORY">1</MDI>
      <MDI key="STATISTICS_STDDEV">0.0053699073912818</MDI>
    </Metadata>
  </PAMRasterBand>
</PAMDataset>
