<PAMDataset>
  <PAMRasterBand band="1">
    <Description>vegetation</Description>
    <Metadata>
      <MDI key="LAYER_TYPE">athematic</MDI>
      <MDI key="STATISTICS_EXCLUDEDVALUES"></MDI>
      <MDI key="STATISTICS_HISTOBINVALUES">109869|125|103|109|91|98|80|81|69|79|79|74|42|54|53|58|68|48|44|45|42|54|52|38|34|40|48|52|56|54|43|43|35|37|36|51|35|37|34|54|41|38|32|23|22|31|30|31|17|27|31|19|46|32|24|16|24|28|43|22|28|23|34|27|22|18|15|21|22|12|19|28|28|15|17|23|38|15|18|17|24|29|24|29|34|19|14|28|27|13|7|16|11|12|14|20|11|18|15|16|12|16|18|24|9|11|23|8|11|18|14|5|9|15|4|2|16|15|8|12|10|4|6|8|3|4|14|15|4|7|9|1|14|7|4|2|3|0|2|1|9|5|9|6|7|9|8|2|4|7|2|3|3|4|4|1|8|8|4|2|1|2|4|3|2|1|9|2|7|1|1|5|1|5|3|1|0|3|1|1|1|7|2|0|1|3|3|0|2|2|0|0|0|0|3|3|1|2|0|0|2|1|1|0|2|0|0|2|1|0|1|0|0|4|1|2|0|2|0|0|0|0|0|0|0|2|0|0|1|0|0|0|0|0|0|0|3|0|0|0|0|0|0|0|0|0|0|0|0|0|0|0|0|0|0|2|</MDI>
      <MDI key="STATISTICS_HISTOMAX">0.33706244826317</MDI>
      <MDI key="STATISTICS_HISTOMIN">0</MDI>
      <MDI key="STATISTICS_HISTONUMBINS">256</MDI>
      <MDI key="STATISTICS_MAXIMUM">0.33706244826317</MDI>
      <MDI key="STATISTICS_MEAN">0.0024240251779301</MDI>
      <MDI key="STATISTICS_MEDIAN">0</MDI>
      <MDI key="STATISTICS_MINIMUM">0</MDI>
      <MDI key="STATISTICS_MODE">0</MDI>
      <MDI key="STATISTICS_SKIPFACTORX">1</MDI>
      <MDI key="STATISTICS_SKIPFACTORY">1</MDI>
      <MDI key="STATISTICS_STDDEV">0.016661326822032</MDI>
    </Metadata>
  </PAMRasterBand>
  <PAMRasterBand band="2">
    <Description>wet_soil</Description>
    <Metadata>
      <MDI key="LAYER_TYPE">athematic</MDI>
      <MDI key="STATISTICS_EXCLUDEDVALUES"></MDI>
      <MDI key="STATISTICS_HISTOBINVALUES">93124|2|3|3|3|0|3|2|5|4|1|4|3|4|3|1|4|5|6|2|2|6|6|6|6|8|11|7|16|15|8|19|11|6|11|11|16|8|8|11|26|24|30|31|33|33|24|38|26|38|48|49|57|41|59|50|63|68|67|84|75|64|110|75|91|102|109|90|86|107|99|109|117|106|153|109|109|146|131|131|148|139|152|146|161|155|166|171|138|173|169|137|193|192|181|191|179|189|186|227|196|201|212|192|179|178|205|218|208|205|197|238|219|191|181|183|207|206|201|220|192|183|175|193|180|210|221|200|199|185|192|175|194|197|188|170|156|167|164|152|161|153|130|126|122|148|131|131|135|131|152|132|127|119|136|115|110|94|96|87|115|96|107|80|77|47|89|87|82|88|80|63|54|60|87|67|56|61|43|50|47|56|48|38|41|47|64|40|52|47|27|33|36|38|41|43|41|42|23|27|33|33|35|42|36|32|30|39|27|26|34|13|25|27|25|37|20|20|24|31|23|22|21|25|18|14|13|19|21|13|20|9|15|14|18|12|18|27|16|14|21|9|14|17|10|16|21|17|19|13|15|15|13|10|11|602|</MDI>
      <MDI key="STATISTICS_HISTOMAX">1</MDI>
      <MDI key="STATISTICS_HISTOMIN">0</MDI>
      <MDI key="STATISTICS_HISTONUMBINS">256</MDI>
      <MDI key="STATISTICS_MAXIMUM">1</MDI>
      <MDI key="STATISTICS_MEAN">0.090160963523941</MDI>
      <MDI key="STATISTICS_MEDIAN">0</MDI>
      <MDI key="STATISTICS_MINIMUM">0</MDI>
      <MDI key="STATISTICS_MODE">0</MDI>
      <MDI key="STATISTICS_SKIPFACTORX">1</MDI>
      <MDI key="STATISTICS_SKIPFACTORY">1</MDI>
      <MDI key="STATISTICS_STDDEV">0.20621933206025</MDI>
    </Metadata>
  </PAMRasterBand>
  <PAMRasterBand band="3">
    <Description>dry_soil</Description>
    <Metadata>
      <MDI key="LAYER_TYPE">athematic</MDI>
      <MDI key="STATISTICS_EXCLUDEDVALUES"></MDI>
      <MDI key="STATISTICS_HISTOBINVALUES">93155|2|2|3|0|3|4|13|4|13|6|2|6|5|13|4|11|7|6|3|12|13|8|17|12|16|4|12|23|11|30|22|26|29|17|23|32|27|40|32|51|31|28|23|36|25|37|48|56|45|48|46|37|33|34|54|69|43|56|64|45|63|53|57|74|58|56|87|54|71|72|66|70|43|103|75|81|83|79|73|81|101|81|71|83|107|112|115|106|98|111|122|112|114|108|121|134|139|133|164|106|139|138|125|166|145|164|164|152|201|143|129|170|176|134|192|171|180|200|206|194|222|186|206|189|199|203|239|210|239|207|200|197|279|220|248|219|211|220|220|231|243|181|207|232|174|199|204|191|196|179|200|181|178|151|164|165|193|178|175|167|196|133|156|171|125|125|152|136|125|137|141|128|144|134|123|126|93|100|116|112|91|96|111|90|58|84|74|81|49|83|56|58|66|57|39|60|44|46|33|24|28|25|31|34|17|30|20|23|17|17|17|21|14|22|16|21|22|3|23|7|14|11|9|14|7|11|8|3|4|6|6|3|9|3|5|1|4|0|4|3|1|2|0|3|2|1|0|0|0|2|1|0|0|0|1|</MDI>
      <MDI key="STATISTICS_HISTOMAX">0.79874885082245</MDI>
      <MDI key="STATISTICS_HISTOMIN">0</MDI>
      <MDI key="STATISTICS_HISTONUMBINS">256</MDI>
      <MDI key="STATISTICS_MAXIMUM">0.79874885082245</MDI>
      <MDI key="STATISTICS_MEAN">0.073491636549905</MDI>
      <MDI key="STATISTICS_MEDIAN">0</MDI>
      <MDI key="STATISTICS_MINIMUM">0</MDI>
      <MDI key="STATISTICS_MODE">0</MDI>
      <MDI key="STATISTICS_SKIPFACTORX">1</MDI>
      <MDI key="STATISTICS_SKIPFACTORY">1</MDI>
      <MDI key="STATISTICS_STDDEV">0.16431136881617</MDI>
    </Metadata>
  </PAMRasterBand>
  <PAMRasterBand band="4">
    <Description>water</Description>
    <Metadata>
      <MDI key="LAYER_TYPE">athematic</MDI>
      <MDI key="STATISTICS_EXCLUDEDVALUES"></MDI>
      <MDI key="STATISTICS_HISTOBINVALUES">110191|161|136|149|155|151|123|130|112|116|115|91|84|107|91|101|70|60|84|54|54|65|51|53|43|49|55|46|43|36|31|43|34|26|34|35|26|40|20|24|32|35|8|18|22|33|20|18|17|13|19|21|13|17|19|19|15|14|21|15|12|16|14|14|11|15|24|18|7|10|6|9|14|6|9|7|1|9|10|16|10|22|13|10|9|8|10|4|17|14|9|8|11|18|11|14|4|13|7|6|16|6|7|11|7|4|2|11|5|9|9|6|8|7|5|1|4|2|6|7|8|6|7|3|2|2|1|2|0|0|1|2|0|0|1|0|0|2|0|1|3|0|0|1|0|2|0|0|0|0|0|0|0|0|0|0|0|0|0|0|0|0|0|0|0|0|0|0|0|0|0|0|0|0|0|0|0|0|0|0|1|0|0|0|0|0|0|0|0|0|0|1|1|0|0|0|0|0|0|1|0|0|0|0|0|0|2|0|0|2|0|0|0|0|0|0|0|0|0|0|4|0|0|0|0|0|0|0|0|0|0|0|0|1|0|0|0|0|2|0|0|0|0|0|0|0|0|0|0|0|0|0|0|0|0|9|</MDI>
      <MDI key="STATISTICS_HISTOMAX">1</MDI>
      <MDI key="STATISTICS_HISTOMIN">0</MDI>
      <MDI key="STATISTICS_HISTONUMBINS">256</MDI>
      <MDI key="STATISTICS_MAXIMUM">1</MDI>
      <MDI key="STATISTICS_MEAN">0.0041721321201045</MDI>
      <MDI key="STATISTICS_MEDIAN">0</MDI>
      <MDI key="STATISTICS_MINIMUM">0</MDI>
      <MDI key="STATISTICS_MODE">0</MDI>
      <MDI key="STATISTICS_SKIPFACTORX">1</MDI>
      <MDI key="STATISTICS_SKIPFACTORY">1</MDI>
      <MDI key="STATISTICS_STDDEV">0.03297826762801</MDI>
    </Metadata>
  </PAMRasterBand>
  <PAMRasterBand band="5">
    <Description>rms_error</Description>
    <Metadata>
      <MDI key="LAYER_TYPE">athematic</MDI>
      <MDI key="STATISTICS_EXCLUDEDVALUES"></MDI>
      <MDI key="STATISTICS_HISTOBINVALUES">93120|17|27|39|56|47|68|92|119|118|90|143|127|165|162|163|182|155|218|239|211|200|233|186|241|246|205|235|254|297|237|246|208|273|253|261|247|240|196|218|220|220|240|221|252|205|227|251|240|206|204|231|223|314|233|234|270|243|213|257|240|258|247|253|240|234|229|250|246|264|225|230|216|194|217|170|201|202|156|165|178|170|154|175|147|167|161|161|111|156|110|122|115|93|132|125|106|110|116|76|103|86|98|72|50|92|90|67|56|66|42|38|60|48|35|35|29|40|36|26|55|31|21|31|34|35|37|20|17|29|28|25|31|24|17|21|23|15|19|19|11|10|6|12|8|8|12|10|18|11|7|17|4|2|11|16|5|5|5|3|9|5|7|5|10|4|7|5|8|6|7|4|5|5|2|4|3|1|2|4|4|9|4|6|5|8|5|4|3|9|3|6|5|5|2|4|5|2|5|6|2|3|7|6|1|9|1|11|1|4|4|6|8|9|5|1|4|2|4|4|1|8|4|7|3|3|3|4|2|2|3|4|2|3|5|0|2|1|7|1|0|0|2|0|5|0|0|1|0|0|0|6|0|3|1|5|</MDI>
      <MDI key="STATISTICS_HISTOMAX">0.035408601164818</MDI>
      <MDI key="STATISTICS_HISTOMIN">0</MDI>
      <MDI key="STATISTICS_HISTONUMBINS">256</MDI>
      <MDI key="STATISTICS_MAXIMUM">0.035408601164818</MDI>
      <MDI key="STATISTICS_MEAN">0.0015167085359425</MDI>
      <MDI key="STATISTICS_MEDIAN">0</MDI>
      <MDI key="STATISTICS_MINIMUM">0</MDI>
      <MDI key="STATISTICS_MODE">0</MDI>
      <MDI key="STATISTICS_SKIPFACTORX">1</MDI>
      <MDI key="STATISTICS_SKIPFACTORY">1</MDI>
      <MDI key="STATISTICS_STDDEV">0.0038376005806553</MDI>
    </Metadata>
  </PAMRasterBand>
</PAMDataset>
