<PAMDataset>
  <PAMRasterBand band="1">
    <Description>vegetation</Description>
    <Metadata>
      <MDI key="LAYER_TYPE">athematic</MDI>
      <MDI key="STATISTICS_EXCLUDEDVALUES"></MDI>
      <MDI key="STATISTICS_HISTOBINVALUES">111112|81|61|66|77|59|54|61|96|74|96|90|56|48|70|69|55|53|45|30|49|51|41|37|23|42|27|33|14|21|25|30|29|15|22|29|36|20|31|16|21|23|22|15|23|9|27|21|12|5|50|16|6|1|27|20|30|12|11|22|6|14|15|14|8|5|13|8|24|11|6|11|5|10|8|2|5|7|10|2|10|10|10|5|14|9|4|8|6|8|5|3|9|5|3|20|0|2|6|2|7|0|5|0|4|0|0|9|3|2|10|3|6|9|8|3|7|8|6|2|2|4|2|5|7|5|5|5|11|12|6|8|6|3|6|8|4|5|14|6|5|0|5|9|4|3|2|5|5|3|0|11|2|3|0|10|7|6|8|9|4|8|5|0|2|4|5|0|3|5|0|3|0|9|0|10|9|4|0|4|17|0|0|3|3|2|4|1|2|0|0|5|0|0|3|2|0|0|4|2|7|0|0|5|4|0|0|0|0|2|3|0|0|3|0|2|0|0|3|0|0|3|0|0|0|0|0|0|0|0|0|2|0|0|0|0|0|0|0|0|0|4|0|0|0|3|0|0|6|0|0|0|0|0|0|2|</MDI>
      <MDI key="STATISTICS_HISTOMAX">0.48375836014748</MDI>
      <MDI key="STATISTICS_HISTOMIN">0</MDI>
      <MDI key="STATISTICS_HISTONUMBINS">256</MDI>
      <MDI key="STATISTICS_MAXIMUM">0.48375836014748</MDI>
      <MDI key="STATISTICS_MEAN">0.0024266483817374</MDI>
      <MDI key="STATISTICS_MEDIAN">0</MDI>
      <MDI key="STATISTICS_MINIMUM">0</MDI>
      <MDI key="STATISTICS_MODE">0</MDI>
      <MDI key="STATISTICS_SKIPFACTORX">1</MDI>
      <MDI key="STATISTICS_SKIPFACTORY">1</MDI>
      <MDI key="STATISTICS_STDDEV">0.021781166343242</MDI>
    </Metadata>
  </PAMRasterBand>
  <PAMRasterBand band="2">
    <Description>wet_soil</Description>
    <Metadata>
      <MDI key="LAYER_TYPE">athematic</MDI>
      <MDI key="STATISTICS_EXCLUDEDVALUES"></MDI>
      <MDI key="STATISTICS_HISTOBINVALUES">94882|39|63|56|66|49|29|48|72|50|57|59|41|93|83|67|77|104|86|102|75|75|101|112|69|89|103|101|130|120|132|162|192|121|138|190|148|163|143|180|148|213|233|192|219|175|155|195|208|179|217|245|248|240|238|176|219|225|204|265|241|231|234|294|310|256|244|256|303|257|294|198|239|206|216|233|208|210|217|205|197|249|227|171|172|172|182|173|168|209|182|177|169|215|166|167|173|157|150|112|107|81|123|91|92|109|112|66|92|107|98|98|86|96|51|69|73|74|63|44|50|67|73|52|54|34|44|27|39|30|37|42|42|48|42|12|21|8|15|24|16|22|9|23|21|20|9|16|17|12|0|18|11|5|10|4|2|4|10|2|4|7|0|4|6|9|2|0|6|8|5|2|4|2|5|6|3|5|0|0|2|4|0|0|0|3|0|0|2|2|0|0|0|0|2|0|0|0|0|2|0|0|0|0|0|0|0|0|0|0|0|0|0|0|1|0|0|0|0|0|0|2|0|0|0|0|0|0|0|0|0|0|0|1|0|0|0|0|0|0|0|0|0|0|0|0|0|0|0|0|0|0|0|0|0|1|</MDI>
      <MDI key="STATISTICS_HISTOMAX">1</MDI>
      <MDI key="STATISTICS_HISTOMIN">0</MDI>
      <MDI key="STATISTICS_HISTONUMBINS">256</MDI>
      <MDI key="STATISTICS_MAXIMUM">1</MDI>
      <MDI key="STATISTICS_MEAN">0.044563402858291</MDI>
      <MDI key="STATISTICS_MEDIAN">0</MDI>
      <MDI key="STATISTICS_MINIMUM">0</MDI>
      <MDI key="STATISTICS_MODE">0</MDI>
      <MDI key="STATISTICS_SKIPFACTORX">1</MDI>
      <MDI key="STATISTICS_SKIPFACTORY">1</MDI>
      <MDI key="STATISTICS_STDDEV">0.11116240658879</MDI>
    </Metadata>
  </PAMRasterBand>
  <PAMRasterBand band="3">
    <Description>dry_soil</Description>
    <Metadata>
      <MDI key="LAYER_TYPE">athematic</MDI>
      <MDI key="STATISTICS_EXCLUDEDVALUES"></MDI>
      <MDI key="STATISTICS_HISTOBINVALUES">98432|127|108|115|144|113|125|108|81|99|75|82|72|85|59|92|78|80|98|87|71|63|53|68|84|67|43|56|50|40|56|38|47|60|50|44|58|42|39|43|22|53|44|38|48|45|49|83|47|70|58|54|58|58|56|47|66|22|64|52|46|38|51|55|35|51|42|53|56|47|54|28|52|32|49|45|36|48|47|24|32|60|73|65|42|44|32|38|46|73|47|49|42|64|47|49|69|91|36|54|72|47|78|84|52|78|67|78|56|90|82|68|62|66|73|46|100|117|86|90|88|88|106|111|67|92|90|84|105|70|104|71|61|78|105|77|96|134|95|96|119|141|104|87|107|128|131|93|113|92|129|113|101|68|141|121|90|116|107|121|122|114|97|117|91|123|111|120|118|112|139|100|96|107|73|107|110|103|119|94|115|63|79|98|99|72|101|58|84|56|67|82|63|57|63|88|48|42|63|45|42|31|35|31|52|14|35|36|29|37|34|19|13|19|17|11|24|16|21|23|22|8|7|18|8|7|2|3|2|8|1|12|0|5|0|6|8|0|0|1|0|0|0|4|0|2|0|2|2|0|1|0|0|0|0|1|</MDI>
      <MDI key="STATISTICS_HISTOMAX">0.85208386182785</MDI>
      <MDI key="STATISTICS_HISTOMIN">0</MDI>
      <MDI key="STATISTICS_HISTONUMBINS">256</MDI>
      <MDI key="STATISTICS_MAXIMUM">0.85208386182785</MDI>
      <MDI key="STATISTICS_MEAN">0.051808003041166</MDI>
      <MDI key="STATISTICS_MEDIAN">0</MDI>
      <MDI key="STATISTICS_MINIMUM">0</MDI>
      <MDI key="STATISTICS_MODE">0</MDI>
      <MDI key="STATISTICS_SKIPFACTORX">1</MDI>
      <MDI key="STATISTICS_SKIPFACTORY">1</MDI>
      <MDI key="STATISTICS_STDDEV">0.1503369928594</MDI>
    </Metadata>
  </PAMRasterBand>
  <PAMRasterBand band="4">
    <Description>water</Description>
    <Metadata>
      <MDI key="LAYER_TYPE">athematic</MDI>
      <MDI key="STATISTICS_EXCLUDEDVALUES"></MDI>
      <MDI key="STATISTICS_HISTOBINVALUES">102534|76|70|64|60|57|88|48|74|51|52|65|24|57|54|43|55|57|43|34|19|38|30|33|36|33|23|47|26|23|25|15|13|29|23|34|23|23|22|22|9|42|3|14|12|14|25|25|14|26|20|25|26|13|18|23|37|30|14|27|20|10|16|10|30|21|39|12|25|31|29|26|19|27|25|17|23|24|30|42|27|41|29|22|23|21|24|36|22|9|22|20|19|47|29|24|13|20|35|16|27|42|23|21|16|32|38|45|32|22|14|37|45|23|21|39|31|32|37|21|37|48|13|30|29|28|34|26|55|18|51|55|47|54|52|19|48|48|39|49|47|33|33|25|41|23|46|44|39|37|41|31|57|41|31|51|50|61|48|50|41|51|53|77|43|54|37|42|42|36|51|34|40|70|61|54|47|38|49|72|54|56|44|42|55|51|42|42|54|53|42|57|54|71|59|59|61|49|70|65|64|67|47|45|66|40|58|108|60|50|73|44|57|67|34|71|42|46|40|43|48|35|65|34|37|24|57|33|39|24|33|54|29|34|31|18|43|53|48|29|23|56|34|42|50|26|34|33|42|38|32|45|24|30|51|1861|</MDI>
      <MDI key="STATISTICS_HISTOMAX">1</MDI>
      <MDI key="STATISTICS_HISTOMIN">0</MDI>
      <MDI key="STATISTICS_HISTONUMBINS">256</MDI>
      <MDI key="STATISTICS_MAXIMUM">1</MDI>
      <MDI key="STATISTICS_MEAN">0.062280317674046</MDI>
      <MDI key="STATISTICS_MEDIAN">0</MDI>
      <MDI key="STATISTICS_MINIMUM">0</MDI>
      <MDI key="STATISTICS_MODE">0</MDI>
      <MDI key="STATISTICS_SKIPFACTORX">1</MDI>
      <MDI key="STATISTICS_SKIPFACTORY">1</MDI>
      <MDI key="STATISTICS_STDDEV">0.21091233237304</MDI>
    </Metadata>
  </PAMRasterBand>
  <PAMRasterBand band="5">
    <Description>rms_error</Description>
    <Metadata>
      <MDI key="LAYER_TYPE">athematic</MDI>
      <MDI key="STATISTICS_EXCLUDEDVALUES"></MDI>
      <MDI key="STATISTICS_HISTOBINVALUES">93115|3|5|13|16|17|34|40|34|44|53|56|48|67|62|81|89|116|136|90|134|154|178|124|133|161|135|118|131|122|162|157|151|157|196|134|128|162|126|130|118|126|151|138|191|125|117|148|152|144|151|142|151|184|182|199|147|165|173|177|153|217|141|175|136|175|181|158|201|217|199|229|168|104|189|154|185|184|172|172|157|226|189|171|229|173|184|235|187|183|205|215|175|175|165|189|158|204|189|161|161|206|146|158|145|152|161|131|123|145|102|128|130|89|166|83|122|107|96|159|111|119|155|107|120|114|98|98|108|85|95|72|95|101|78|91|58|87|67|68|63|66|39|69|62|56|68|55|81|67|55|65|36|40|35|43|41|60|33|52|47|40|30|26|31|40|40|35|28|42|18|27|14|20|29|56|26|39|20|31|6|23|15|7|20|19|15|19|18|8|20|14|10|8|9|4|13|10|10|7|4|10|0|2|12|4|12|20|11|4|4|6|2|3|3|10|3|2|6|3|3|0|0|0|2|0|0|0|0|0|0|0|0|0|3|0|0|0|0|0|0|0|0|0|0|0|0|0|0|0|0|0|3|0|0|3|</MDI>
      <MDI key="STATISTICS_HISTOMAX">0.034751657396555</MDI>
      <MDI key="STATISTICS_HISTOMIN">0</MDI>
      <MDI key="STATISTICS_HISTONUMBINS">256</MDI>
      <MDI key="STATISTICS_MAXIMUM">0.034751657396555</MDI>
      <MDI key="STATISTICS_MEAN">0.0020614285636928</MDI>
      <MDI key="STATISTICS_MEDIAN">0</MDI>
      <MDI key="STATISTICS_MINIMUM">0</MDI>
      <MDI key="STATISTICS_MODE">0</MDI>
      <MDI key="STATISTICS_SKIPFACTORX">1</MDI>
      <MDI key="STATISTICS_SKIPFACTORY">1</MDI>
      <MDI key="STATISTICS_STDDEV">0.0050000449172361</MDI>
    </Metadata>
  </PAMRasterBand>
</PAMDataset>
