<PAMDataset>
  <PAMRasterBand band="1">
    <Description>vegetation</Description>
    <Metadata>
      <MDI key="LAYER_TYPE">athematic</MDI>
      <MDI key="STATISTICS_EXCLUDEDVALUES"></MDI>
      <MDI key="STATISTICS_HISTOBINVALUES">113466|26|17|23|8|21|14|10|4|9|4|9|11|12|14|8|3|10|9|5|14|7|14|5|5|3|3|8|4|9|5|2|3|5|6|8|2|3|2|1|9|1|3|6|8|4|5|5|0|1|3|6|6|5|7|3|4|3|1|2|5|1|2|2|8|2|7|2|1|6|0|3|2|1|1|5|2|2|1|7|1|3|0|1|0|6|2|0|3|0|1|4|1|5|3|2|1|2|3|1|0|4|5|2|1|3|3|0|2|1|1|2|0|4|1|1|0|1|2|3|3|2|3|1|0|0|0|2|0|4|1|0|1|1|0|0|1|0|2|2|0|1|3|3|1|0|1|0|3|0|3|2|1|0|3|0|0|5|0|2|2|1|1|0|0|1|0|0|1|2|1|0|0|2|1|2|0|3|0|0|1|0|1|0|0|2|0|1|0|0|4|0|1|3|0|0|2|1|2|0|1|0|0|2|1|1|0|0|0|1|2|0|0|1|0|0|0|0|0|0|0|4|0|0|0|3|0|0|0|0|0|2|0|0|0|1|0|2|0|0|3|0|0|0|3|2|0|0|0|0|0|0|0|0|0|1|</MDI>
      <MDI key="STATISTICS_HISTOMAX">0.37889197468758</MDI>
      <MDI key="STATISTICS_HISTOMIN">0</MDI>
      <MDI key="STATISTICS_HISTONUMBINS">256</MDI>
      <MDI key="STATISTICS_MAXIMUM">0.37889197468758</MDI>
      <MDI key="STATISTICS_MEAN">0.00053003181784675</MDI>
      <MDI key="STATISTICS_MEDIAN">0</MDI>
      <MDI key="STATISTICS_MINIMUM">0</MDI>
      <MDI key="STATISTICS_MODE">0</MDI>
      <MDI key="STATISTICS_SKIPFACTORX">1</MDI>
      <MDI key="STATISTICS_SKIPFACTORY">1</MDI>
      <MDI key="STATISTICS_STDDEV">0.0098527863988447</MDI>
    </Metadata>
  </PAMRasterBand>
  <PAMRasterBand band="2">
    <Description>wet_soil</Description>
    <Metadata>
      <MDI key="LAYER_TYPE">athematic</MDI>
      <MDI key="STATISTICS_EXCLUDEDVALUES"></MDI>
      <MDI key="STATISTICS_HISTOBINVALUES">93432|7|7|3|6|1|5|8|9|9|16|13|8|12|11|13|8|13|15|18|17|24|14|37|17|25|22|34|25|31|27|34|47|39|49|45|53|57|56|56|70|53|75|70|72|86|82|77|105|109|77|110|105|108|126|117|108|113|145|142|155|171|193|176|154|199|202|202|211|217|216|255|255|260|251|260|261|271|310|282|265|340|291|266|264|247|314|267|270|314|287|265|266|281|296|229|259|276|249|246|236|219|238|243|227|205|222|213|208|197|216|197|176|175|197|197|188|166|175|163|183|147|164|176|136|162|135|174|139|109|116|118|123|103|103|85|100|85|117|83|75|82|73|85|53|71|44|58|36|37|31|44|26|39|31|20|31|21|17|24|28|21|25|13|18|24|27|4|10|11|18|11|10|8|19|10|7|4|4|5|4|3|4|6|1|2|7|2|0|1|6|0|3|2|0|0|2|0|0|2|1|3|0|1|2|1|2|0|3|1|2|1|0|0|0|0|1|0|0|0|1|0|0|0|0|0|0|0|1|0|0|0|0|1|0|0|0|0|0|0|0|1|0|0|0|0|0|0|0|0|0|0|0|0|0|1|</MDI>
      <MDI key="STATISTICS_HISTOMAX">0.9698777794838</MDI>
      <MDI key="STATISTICS_HISTOMIN">0</MDI>
      <MDI key="STATISTICS_HISTONUMBINS">256</MDI>
      <MDI key="STATISTICS_MAXIMUM">0.9698777794838</MDI>
      <MDI key="STATISTICS_MEAN">0.063188523459036</MDI>
      <MDI key="STATISTICS_MEDIAN">0</MDI>
      <MDI key="STATISTICS_MINIMUM">0</MDI>
      <MDI key="STATISTICS_MODE">0</MDI>
      <MDI key="STATISTICS_SKIPFACTORX">1</MDI>
      <MDI key="STATISTICS_SKIPFACTORY">1</MDI>
      <MDI key="STATISTICS_STDDEV">0.14305674577687</MDI>
    </Metadata>
  </PAMRasterBand>
  <PAMRasterBand band="3">
    <Description>dry_soil</Description>
    <Metadata>
      <MDI key="LAYER_TYPE">athematic</MDI>
      <MDI key="STATISTICS_EXCLUDEDVALUES"></MDI>
      <MDI key="STATISTICS_HISTOBINVALUES">93289|20|27|33|16|22|20|36|23|31|19|20|23|27|20|21|13|18|6|9|11|15|11|13|17|8|8|14|9|11|11|8|7|11|7|8|11|4|7|9|8|9|5|8|14|4|5|7|8|2|2|10|11|3|8|8|6|10|3|3|6|3|9|5|6|10|6|9|7|6|8|4|11|5|11|7|7|7|5|9|7|15|5|13|10|3|10|6|13|8|13|12|8|14|9|17|11|9|11|9|16|19|16|22|19|9|25|10|15|10|21|19|24|25|16|19|35|28|23|32|17|23|33|27|21|18|40|32|38|30|43|32|60|44|50|50|87|89|77|87|105|90|82|95|110|123|130|100|136|124|169|176|222|200|227|235|253|295|307|307|333|359|362|409|465|419|390|447|460|442|463|451|457|401|411|424|432|401|396|388|380|333|318|297|333|287|311|261|245|241|261|221|227|221|172|156|151|162|130|138|106|103|124|70|84|82|72|74|82|72|54|65|53|49|59|61|34|44|47|35|28|33|29|24|31|20|27|23|28|28|19|18|17|16|13|16|11|8|16|9|5|7|3|2|2|1|1|0|2|0|1|0|0|1|2|1|</MDI>
      <MDI key="STATISTICS_HISTOMAX">0.96022689342499</MDI>
      <MDI key="STATISTICS_HISTOMIN">0</MDI>
      <MDI key="STATISTICS_HISTONUMBINS">256</MDI>
      <MDI key="STATISTICS_MAXIMUM">0.96022689342499</MDI>
      <MDI key="STATISTICS_MEAN">0.1134629903277</MDI>
      <MDI key="STATISTICS_MEDIAN">0</MDI>
      <MDI key="STATISTICS_MINIMUM">0</MDI>
      <MDI key="STATISTICS_MODE">0</MDI>
      <MDI key="STATISTICS_SKIPFACTORX">1</MDI>
      <MDI key="STATISTICS_SKIPFACTORY">1</MDI>
      <MDI key="STATISTICS_STDDEV">0.24722197577841</MDI>
    </Metadata>
  </PAMRasterBand>
  <PAMRasterBand band="4">
    <Description>water</Description>
    <Metadata>
      <MDI key="LAYER_TYPE">athematic</MDI>
      <MDI key="STATISTICS_EXCLUDEDVALUES"></MDI>
      <MDI key="STATISTICS_HISTOBINVALUES">101344|226|241|231|205|236|244|203|226|209|224|199|215|221|244|187|212|198|197|210|187|205|172|209|218|187|194|186|154|161|160|148|132|127|163|138|136|150|113|140|103|101|137|131|113|80|106|131|82|105|116|87|113|77|83|90|74|75|80|63|53|64|67|66|56|55|48|52|49|61|42|49|58|61|37|49|25|46|49|37|48|38|41|36|41|37|31|29|36|33|29|28|27|33|25|25|23|23|20|16|39|23|24|24|28|26|18|24|20|15|18|19|30|11|26|27|32|26|19|13|23|26|29|15|21|21|26|20|10|13|10|15|24|23|21|18|13|21|12|14|28|16|19|15|14|15|10|24|24|21|22|11|9|12|19|16|15|6|18|10|7|15|13|8|15|6|7|7|10|2|5|5|4|2|3|1|6|1|3|1|2|4|4|5|0|0|0|1|1|5|0|1|7|0|4|4|2|3|7|6|6|2|3|3|5|6|3|7|5|5|2|3|4|8|7|5|5|6|4|3|4|11|2|9|4|4|2|5|4|4|3|3|3|9|2|1|6|1|4|1|1|3|5|6|2|7|6|8|1|2|8|4|6|9|8|195|</MDI>
      <MDI key="STATISTICS_HISTOMAX">1</MDI>
      <MDI key="STATISTICS_HISTOMIN">0</MDI>
      <MDI key="STATISTICS_HISTONUMBINS">256</MDI>
      <MDI key="STATISTICS_MAXIMUM">1</MDI>
      <MDI key="STATISTICS_MEAN">0.022070371529664</MDI>
      <MDI key="STATISTICS_MEDIAN">0</MDI>
      <MDI key="STATISTICS_MINIMUM">0</MDI>
      <MDI key="STATISTICS_MODE">0</MDI>
      <MDI key="STATISTICS_SKIPFACTORX">1</MDI>
      <MDI key="STATISTICS_SKIPFACTORY">1</MDI>
      <MDI key="STATISTICS_STDDEV">0.09302421178158</MDI>
    </Metadata>
  </PAMRasterBand>
  <PAMRasterBand band="5">
    <Description>rms_error</Description>
    <Metadata>
      <MDI key="LAYER_TYPE">athematic</MDI>
      <MDI key="STATISTICS_EXCLUDEDVALUES"></MDI>
      <MDI key="STATISTICS_HISTOBINVALUES">93123|19|42|37|56|48|55|77|77|69|80|80|84|94|111|115|123|144|136|124|127|136|142|145|137|130|124|125|126|129|106|137|150|133|148|135|141|156|136|157|159|153|133|186|150|152|182|157|157|165|147|172|147|198|155|157|173|165|162|170|174|177|188|196|189|183|161|187|202|203|218|209|197|215|203|200|206|172|175|164|153|184|176|172|162|165|169|171|170|162|166|152|182|154|176|186|188|134|140|141|158|161|160|155|163|151|133|142|153|145|117|138|118|107|124|101|100|110|98|87|111|88|63|75|96|64|72|57|99|57|54|53|48|62|54|62|43|61|47|68|57|58|61|37|47|51|50|49|60|41|52|61|52|47|41|46|38|34|33|52|29|47|17|36|22|27|48|36|29|36|27|40|28|30|31|29|29|30|38|33|31|24|23|18|22|28|8|15|19|28|27|17|19|13|24|13|20|18|11|11|12|10|14|9|18|12|7|13|10|8|18|7|8|7|6|20|21|11|7|14|13|12|7|12|6|5|9|6|5|9|13|13|5|6|11|3|6|3|8|0|3|0|3|1|0|1|0|0|0|1|0|0|2|0|0|1|</MDI>
      <MDI key="STATISTICS_HISTOMAX">0.050935078412294</MDI>
      <MDI key="STATISTICS_HISTOMIN">0</MDI>
      <MDI key="STATISTICS_HISTONUMBINS">256</MDI>
      <MDI key="STATISTICS_MAXIMUM">0.050935078412294</MDI>
      <MDI key="STATISTICS_MEAN">0.0029642461186646</MDI>
      <MDI key="STATISTICS_MEDIAN">0</MDI>
      <MDI key="STATISTICS_MINIMUM">0</MDI>
      <MDI key="STATISTICS_MODE">0</MDI>
      <MDI key="STATISTICS_SKIPFACTORX">1</MDI>
      <MDI key="STATISTICS_SKIPFACTORY">1</MDI>
      <MDI key="STATISTICS_STDDEV">0.007401467900743</MDI>
    </Metadata>
  </PAMRasterBand>
</PAMDataset>
