<PAMDataset>
  <PAMRasterBand band="1">
    <Description>vegetation</Description>
    <Metadata>
      <MDI key="LAYER_TYPE">athematic</MDI>
      <MDI key="STATISTICS_EXCLUDEDVALUES"></MDI>
      <MDI key="STATISTICS_HISTOBINVALUES">112751|34|65|56|39|46|33|25|34|50|31|18|21|38|21|13|12|14|24|18|12|15|8|12|5|8|18|3|5|9|4|12|2|9|12|6|5|4|3|6|0|10|3|2|4|4|6|9|7|3|3|4|6|9|4|1|1|7|3|5|2|5|3|4|2|5|2|3|1|4|2|2|2|11|7|1|6|6|12|2|4|5|5|3|6|6|12|3|8|4|6|8|5|5|0|6|5|1|6|5|10|4|5|0|2|7|12|0|0|2|2|9|8|5|5|3|7|2|12|2|0|2|10|3|0|2|5|12|0|6|3|4|4|7|1|1|5|5|2|2|7|3|10|6|3|6|2|6|2|2|8|8|2|4|2|3|9|8|0|2|0|4|2|3|0|1|4|1|4|2|4|1|1|0|2|2|2|0|2|0|0|0|0|4|7|0|1|3|2|3|2|1|1|7|0|0|0|2|0|0|0|0|2|0|0|1|0|0|4|0|0|0|0|0|2|2|0|0|0|0|0|0|0|0|0|0|2|0|0|0|0|0|0|0|0|0|0|0|0|0|0|0|0|0|0|0|0|0|0|0|0|0|0|0|0|3|</MDI>
      <MDI key="STATISTICS_HISTOMAX">0.35940492153168</MDI>
      <MDI key="STATISTICS_HISTOMIN">0</MDI>
      <MDI key="STATISTICS_HISTONUMBINS">256</MDI>
      <MDI key="STATISTICS_MAXIMUM">0.35940492153168</MDI>
      <MDI key="STATISTICS_MEAN">0.00097228362400351</MDI>
      <MDI key="STATISTICS_MEDIAN">0</MDI>
      <MDI key="STATISTICS_MINIMUM">0</MDI>
      <MDI key="STATISTICS_MODE">0</MDI>
      <MDI key="STATISTICS_SKIPFACTORX">1</MDI>
      <MDI key="STATISTICS_SKIPFACTORY">1</MDI>
      <MDI key="STATISTICS_STDDEV">0.012522998625892</MDI>
    </Metadata>
  </PAMRasterBand>
  <PAMRasterBand band="2">
    <Description>wet_soil</Description>
    <Metadata>
      <MDI key="LAYER_TYPE">athematic</MDI>
      <MDI key="STATISTICS_EXCLUDEDVALUES"></MDI>
      <MDI key="STATISTICS_HISTOBINVALUES">93125|1|0|0|0|3|1|5|1|4|2|8|13|5|1|7|2|5|10|7|5|5|5|10|20|15|7|7|20|26|25|23|28|25|37|31|30|34|35|30|24|42|67|56|68|46|66|75|68|80|83|79|90|64|96|130|102|111|141|116|156|124|136|141|165|162|182|184|136|157|176|188|233|254|219|219|222|181|292|256|277|240|273|246|267|316|284|261|313|292|285|377|277|259|322|234|276|263|259|286|237|248|254|245|235|288|263|293|292|245|205|219|268|214|255|231|192|176|175|196|201|173|196|212|168|155|173|159|136|158|112|99|96|101|134|124|126|117|107|141|98|121|83|94|81|48|86|59|61|44|61|67|56|55|32|31|43|52|46|42|35|31|16|40|41|28|16|22|22|15|18|16|16|21|13|17|12|17|8|15|9|7|21|10|7|7|6|4|4|9|1|9|3|6|3|1|2|2|4|0|2|4|3|2|0|4|3|3|0|1|0|1|1|4|0|0|0|0|0|0|1|3|0|0|2|0|1|0|0|0|1|0|0|0|0|0|4|0|3|0|0|0|0|2|0|0|0|0|0|0|0|0|0|0|0|55|</MDI>
      <MDI key="STATISTICS_HISTOMAX">1</MDI>
      <MDI key="STATISTICS_HISTOMIN">0</MDI>
      <MDI key="STATISTICS_HISTONUMBINS">256</MDI>
      <MDI key="STATISTICS_MAXIMUM">1</MDI>
      <MDI key="STATISTICS_MEAN">0.070670004635555</MDI>
      <MDI key="STATISTICS_MEDIAN">0</MDI>
      <MDI key="STATISTICS_MINIMUM">0</MDI>
      <MDI key="STATISTICS_MODE">0</MDI>
      <MDI key="STATISTICS_SKIPFACTORX">1</MDI>
      <MDI key="STATISTICS_SKIPFACTORY">1</MDI>
      <MDI key="STATISTICS_STDDEV">0.15798250482113</MDI>
    </Metadata>
  </PAMRasterBand>
  <PAMRasterBand band="3">
    <Description>dry_soil</Description>
    <Metadata>
      <MDI key="LAYER_TYPE">athematic</MDI>
      <MDI key="STATISTICS_EXCLUDEDVALUES"></MDI>
      <MDI key="STATISTICS_HISTOBINVALUES">93166|0|4|0|0|2|5|0|1|1|5|0|0|7|3|3|5|0|0|2|2|1|0|0|4|3|0|2|3|0|1|0|0|5|4|2|2|7|10|0|5|7|5|7|6|6|3|5|7|3|3|4|6|7|12|6|7|2|1|8|11|3|3|14|6|11|5|4|9|8|8|5|5|7|16|6|6|9|8|16|7|9|5|3|14|19|12|16|6|16|16|11|15|8|23|13|16|23|15|13|20|18|13|22|20|33|24|17|28|19|40|23|26|37|28|40|24|36|24|34|33|30|24|41|56|46|31|39|63|55|83|54|58|47|95|80|89|65|73|87|93|100|107|120|125|123|118|155|163|132|184|182|161|174|174|211|190|197|246|232|269|229|258|244|251|270|294|373|375|360|327|356|352|448|330|391|353|410|438|407|432|335|415|437|369|367|360|333|328|324|316|248|242|290|254|282|258|248|172|157|143|143|139|126|140|122|111|87|92|89|88|63|70|68|49|68|43|49|40|46|58|30|44|32|36|20|23|33|17|34|22|16|18|20|20|5|11|14|22|11|10|19|19|6|10|6|16|21|16|9|21|1|5|11|8|141|</MDI>
      <MDI key="STATISTICS_HISTOMAX">1</MDI>
      <MDI key="STATISTICS_HISTOMIN">0</MDI>
      <MDI key="STATISTICS_HISTONUMBINS">256</MDI>
      <MDI key="STATISTICS_MAXIMUM">1</MDI>
      <MDI key="STATISTICS_MEAN">0.12355506744269</MDI>
      <MDI key="STATISTICS_MEDIAN">0</MDI>
      <MDI key="STATISTICS_MINIMUM">0</MDI>
      <MDI key="STATISTICS_MODE">0</MDI>
      <MDI key="STATISTICS_SKIPFACTORX">1</MDI>
      <MDI key="STATISTICS_SKIPFACTORY">1</MDI>
      <MDI key="STATISTICS_STDDEV">0.2656204448421</MDI>
    </Metadata>
  </PAMRasterBand>
  <PAMRasterBand band="4">
    <Description>water</Description>
    <Metadata>
      <MDI key="LAYER_TYPE">athematic</MDI>
      <MDI key="STATISTICS_EXCLUDEDVALUES"></MDI>
      <MDI key="STATISTICS_HISTOBINVALUES">107091|271|240|201|268|169|238|201|205|192|187|210|132|185|141|162|139|110|174|110|169|144|125|149|126|93|118|78|105|102|102|94|102|64|72|76|91|61|54|65|68|54|34|51|59|38|39|16|38|46|22|44|23|25|25|15|31|17|24|27|21|32|19|6|22|11|15|25|18|8|10|18|21|8|14|15|12|4|12|11|9|9|8|13|13|7|10|12|14|7|6|5|5|13|12|2|6|9|13|6|10|7|7|4|13|6|5|12|2|7|7|2|9|8|4|4|3|2|1|17|8|0|4|3|9|2|8|1|17|10|7|10|0|4|8|3|4|14|5|4|16|3|2|2|5|3|6|1|2|0|3|0|0|6|3|0|2|0|0|0|0|0|0|0|0|0|0|0|0|0|2|0|0|0|0|0|0|0|0|1|0|0|0|0|0|0|0|2|3|0|0|0|0|0|0|0|0|0|0|0|0|0|0|0|0|2|1|0|0|0|0|0|0|0|0|1|0|0|0|0|0|0|0|0|0|0|0|0|0|0|2|4|0|0|0|2|0|0|0|0|4|0|0|0|0|0|2|0|0|0|0|0|0|0|0|1|</MDI>
      <MDI key="STATISTICS_HISTOMAX">0.94271314144135</MDI>
      <MDI key="STATISTICS_HISTOMIN">0</MDI>
      <MDI key="STATISTICS_HISTONUMBINS">256</MDI>
      <MDI key="STATISTICS_MAXIMUM">0.94271314144135</MDI>
      <MDI key="STATISTICS_MEAN">0.006576876531188</MDI>
      <MDI key="STATISTICS_MEDIAN">0</MDI>
      <MDI key="STATISTICS_MINIMUM">0</MDI>
      <MDI key="STATISTICS_MODE">0</MDI>
      <MDI key="STATISTICS_SKIPFACTORX">1</MDI>
      <MDI key="STATISTICS_SKIPFACTORY">1</MDI>
      <MDI key="STATISTICS_STDDEV">0.038219821722352</MDI>
    </Metadata>
  </PAMRasterBand>
  <PAMRasterBand band="5">
    <Description>rms_error</Description>
    <Metadata>
      <MDI key="LAYER_TYPE">athematic</MDI>
      <MDI key="STATISTICS_EXCLUDEDVALUES"></MDI>
      <MDI key="STATISTICS_HISTOBINVALUES">93115|13|15|24|23|18|59|43|49|91|127|136|129|147|151|163|167|171|193|175|158|176|205|173|159|165|149|135|163|136|147|145|137|130|133|165|125|172|146|117|119|164|123|176|141|159|109|145|177|149|181|149|173|123|180|170|190|162|147|159|154|147|160|167|149|196|176|147|163|225|150|181|198|184|173|204|224|177|181|167|173|191|191|216|174|203|180|165|185|155|171|158|156|154|154|146|147|162|150|136|132|138|137|110|113|113|128|143|113|131|118|123|139|103|97|108|86|92|81|104|96|89|109|92|72|100|93|81|89|68|108|71|92|69|58|97|74|90|82|99|69|78|90|52|59|58|47|55|43|34|53|59|68|23|37|12|43|42|43|13|30|26|13|15|14|29|21|25|19|14|17|16|17|11|24|32|11|18|14|29|26|18|11|11|12|20|10|8|8|17|6|26|8|20|8|14|2|7|7|8|14|16|6|13|9|14|27|20|5|17|12|2|13|9|2|15|7|16|9|7|17|7|13|16|4|16|11|7|15|18|8|0|1|11|7|4|4|3|4|1|6|0|2|0|2|1|0|4|0|5|3|0|2|4|2|5|</MDI>
      <MDI key="STATISTICS_HISTOMAX">0.037466514855623</MDI>
      <MDI key="STATISTICS_HISTOMIN">0</MDI>
      <MDI key="STATISTICS_HISTONUMBINS">256</MDI>
      <MDI key="STATISTICS_MAXIMUM">0.037466514855623</MDI>
      <MDI key="STATISTICS_MEAN">0.0021186213709719</MDI>
      <MDI key="STATISTICS_MEDIAN">0</MDI>
      <MDI key="STATISTICS_MINIMUM">0</MDI>
      <MDI key="STATISTICS_MODE">0</MDI>
      <MDI key="STATISTICS_SKIPFACTORX">1</MDI>
      <MDI key="STATISTICS_SKIPFACTORY">1</MDI>
      <MDI key="STATISTICS_STDDEV">0.0053319068287447</MDI>
    </Metadata>
  </PAMRasterBand>
</PAMDataset>
